Exe size when ['--disable-largefile', '--disable-math', '--enable-shared=no', '--enable-tempstore', '--enable-editline', '--enable-debug', '--enable-memsys3', '--enable-memsys5', '--enable-fts5', '--enable-update-limit', '--enable-rtree', '--with-pic', '--with-tcl=/usr/lib64'] is: 3892808 bytes, 
Exe size when ['--disable-libtool-lock', '--disable-largefile', '--disable-readline', '--enable-static', '--enable-releasemode', '--enable-debug', '--enable-memsys3', '--enable-memsys5', '--enable-geopoly', '--enable-rtree', '--enable-session', '--enable-gcov', '--with-pic'] is: 3615720 bytes, 
Exe size when ['--disable-libtool-lock', '--disable-threadsafe', '--disable-tcl', '--disable-readline', '--disable-amalgamation', '--enable-static', '--enable-fast-install', '--enable-releasemode', '--enable-editline', '--enable-memsys3', '--enable-fts3', '--enable-json1', '--enable-update-limit', '--with-tcl=/usr/lib64'] is: 8522128 bytes, 
Exe size when ['--disable-libtool-lock', '--disable-largefile', '--disable-threadsafe', '--enable-shared=no', '--enable-fast-install', '--enable-releasemode', '--enable-tempstore', '--enable-editline', '--enable-memsys5', '--enable-fts3', '--enable-fts4', '--enable-fts5', '--enable-update-limit', '--enable-geopoly', '--enable-rtree', '--enable-session', '--with-pic'] is: 10153936 bytes, 
Exe size when ['--disable-option-checking', '--disable-libtool-lock', '--disable-threadsafe', '--disable-readline', '--disable-amalgamation', '--disable-load-extension', '--disable-math', '--enable-shared=no', '--enable-static', '--enable-tempstore', '--enable-editline', '--enable-debug', '--enable-all', '--enable-memsys3', '--enable-fts4', '--enable-fts5', '--enable-json1', '--enable-rtree', '--with-gnu-ld'] is: 3968832 bytes, 
Exe size when ['--disable-load-extension', '--enable-static', '--enable-fast-install', '--enable-releasemode', '--enable-tempstore', '--enable-editline', '--enable-debug', '--enable-all', '--enable-memsys5', '--enable-fts4', '--enable-geopoly', '--with-pic', '--with-gnu-ld'] is: 4052960 bytes, 
Exe size when ['--disable-option-checking', '--disable-math', '--enable-static', '--enable-fast-install', '--enable-tempstore', '--enable-editline', '--enable-debug', '--enable-memsys5', '--enable-fts3', '--enable-fts5', '--enable-json1', '--enable-update-limit', '--enable-session', '--enable-gcov', '--with-gnu-ld', '--with-tcl=/usr/lib64'] is: 4022392 bytes, 
Exe size when ['--disable-libtool-lock', '--disable-threadsafe', '--disable-load-extension', '--disable-math', '--enable-shared=no', '--enable-fast-install', '--enable-memsys5', '--enable-fts3', '--enable-geopoly', '--enable-session'] is: 8952448 bytes, 
Exe size when ['--disable-largefile', '--disable-threadsafe', '--disable-readline', '--disable-amalgamation', '--disable-math', '--enable-fast-install', '--enable-releasemode', '--enable-tempstore', '--enable-memsys3', '--enable-memsys5', '--enable-fts4', '--enable-fts5', '--enable-json1', '--enable-rtree', '--enable-session', '--with-pic', '--with-gnu-ld'] is: 9980448 bytes, 
Exe size when ['--disable-option-checking', '--disable-largefile', '--disable-threadsafe', '--disable-amalgamation', '--disable-math', '--enable-shared=no', '--enable-tempstore', '--enable-editline', '--enable-debug', '--enable-all', '--enable-fts4', '--enable-update-limit', '--with-gnu-ld'] is: 3983232 bytes, 
Exe size when ['--disable-libtool-lock', '--disable-largefile', '--disable-threadsafe', '--disable-readline', '--disable-amalgamation', '--disable-math', '--enable-shared=no', '--enable-static', '--enable-debug', '--enable-all', '--enable-memsys3', '--enable-memsys5', '--enable-fts4', '--enable-update-limit', '--enable-rtree', '--enable-session', '--enable-gcov', '--with-gnu-ld'] is: 3990520 bytes, 
Exe size when ['--disable-option-checking', '--disable-libtool-lock', '--disable-largefile', '--disable-readline', '--disable-amalgamation', '--disable-load-extension', '--disable-math', '--enable-fast-install', '--enable-tempstore', '--enable-editline', '--enable-memsys3', '--enable-memsys5', '--enable-fts3', '--enable-fts4', '--enable-json1', '--with-pic'] is: 8517128 bytes, 
Exe size when ['--disable-option-checking', '--disable-largefile', '--disable-threadsafe', '--disable-tcl', '--disable-load-extension', '--enable-releasemode', '--enable-memsys3', '--enable-fts4', '--enable-fts5', '--enable-update-limit', '--enable-rtree', '--enable-session', '--enable-gcov', '--with-pic', '--with-tcl=/usr/lib64'] is: 9993248 bytes, 
Exe size when ['--disable-option-checking', '--disable-libtool-lock', '--disable-largefile', '--disable-amalgamation', '--disable-load-extension', '--disable-math', '--enable-shared=no', '--enable-releasemode', '--enable-debug', '--enable-all', '--enable-fts4', '--enable-fts5', '--enable-geopoly', '--enable-rtree', '--enable-session', '--enable-gcov', '--with-pic', '--with-tcl=/usr/lib64'] is: 4034688 bytes, 
Exe size when ['--disable-libtool-lock', '--disable-largefile', '--disable-threadsafe', '--disable-tcl', '--disable-amalgamation', '--disable-math', '--enable-static', '--enable-fast-install', '--enable-releasemode', '--enable-debug', '--enable-memsys3', '--enable-memsys5', '--enable-fts3', '--enable-json1', '--enable-rtree', '--with-pic'] is: 3387416 bytes, 
Exe size when ['--disable-option-checking', '--disable-libtool-lock', '--disable-largefile', '--disable-threadsafe', '--disable-tcl', '--disable-readline', '--disable-amalgamation', '--disable-load-extension', '--disable-math', '--enable-static', '--enable-all', '--enable-memsys3', '--enable-memsys5', '--enable-fts3', '--enable-update-limit', '--enable-geopoly', '--enable-session', '--with-tcl=/usr/lib64'] is: 10090944 bytes, 
Exe size when ['--disable-option-checking', '--disable-libtool-lock', '--enable-static', '--enable-releasemode', '--enable-debug', '--enable-memsys3', '--enable-memsys5', '--enable-fts3', '--enable-geopoly', '--enable-rtree', '--enable-session', '--with-pic', '--with-tcl=/usr/lib64'] is: 3617096 bytes, 
Exe size when ['--disable-option-checking', '--disable-libtool-lock', '--disable-threadsafe', '--disable-tcl', '--disable-readline', '--disable-amalgamation', '--enable-shared=no', '--enable-static', '--enable-editline', '--enable-debug', '--enable-json1', '--enable-geopoly', '--enable-rtree', '--enable-session', '--with-pic', '--with-gnu-ld'] is: 3546576 bytes, 
Exe size when ['--disable-option-checking', '--disable-libtool-lock', '--disable-threadsafe', '--disable-tcl', '--disable-readline', '--disable-amalgamation', '--disable-load-extension', '--enable-static', '--enable-releasemode', '--enable-tempstore', '--enable-editline', '--enable-debug', '--enable-memsys5', '--enable-json1', '--enable-update-limit', '--enable-session', '--with-pic', '--with-tcl=/usr/lib64'] is: 3513976 bytes, 
Exe size when ['--disable-option-checking', '--disable-load-extension', '--enable-tempstore', '--enable-editline', '--enable-debug', '--enable-all', '--enable-memsys3', '--enable-memsys5', '--enable-fts5', '--enable-geopoly', '--enable-session', '--with-pic'] is: 4052960 bytes, 
Exe size when ['--disable-libtool-lock', '--disable-largefile', '--disable-load-extension', '--disable-math', '--enable-shared=no', '--enable-fast-install', '--enable-tempstore', '--enable-debug', '--enable-all', '--enable-memsys3', '--enable-fts3', '--enable-json1', '--enable-update-limit', '--enable-session', '--enable-gcov'] is: 4035528 bytes, 
Exe size when ['--disable-option-checking', '--disable-libtool-lock', '--disable-load-extension', '--enable-releasemode', '--enable-tempstore', '--enable-editline', '--enable-all', '--enable-memsys3', '--enable-fts3', '--enable-fts4', '--enable-fts5', '--enable-json1', '--enable-rtree', '--enable-session', '--enable-gcov'] is: 10180384 bytes, 
Exe size when ['--disable-option-checking', '--disable-largefile', '--disable-threadsafe', '--disable-tcl', '--disable-readline', '--disable-amalgamation', '--disable-load-extension', '--enable-tempstore', '--enable-editline', '--enable-fts3', '--enable-json1', '--enable-session', '--enable-gcov', '--with-pic', '--with-tcl=/usr/lib64'] is: 8845936 bytes, 
Exe size when ['--disable-option-checking', '--disable-largefile', '--disable-readline', '--disable-load-extension', '--enable-releasemode', '--enable-tempstore', '--enable-editline', '--enable-debug', '--enable-all', '--enable-memsys5', '--enable-json1', '--enable-update-limit', '--enable-geopoly'] is: 4052440 bytes, 
Exe size when ['--disable-amalgamation', '--enable-static', '--enable-releasemode', '--enable-update-limit', '--enable-session', '--with-gnu-ld'] is: 8996176 bytes, 
Exe size when ['--disable-option-checking', '--disable-libtool-lock', '--disable-amalgamation', '--disable-load-extension', '--disable-math', '--enable-shared=no', '--enable-static', '--enable-fast-install', '--enable-editline', '--enable-debug', '--enable-all', '--enable-memsys3', '--enable-memsys5', '--enable-fts4', '--enable-fts5', '--enable-json1', '--enable-geopoly', '--enable-gcov', '--with-gnu-ld'] is: 4043392 bytes, 
Exe size when ['--disable-option-checking', '--disable-amalgamation', '--enable-static', '--enable-fast-install', '--enable-editline', '--enable-debug', '--enable-all', '--enable-memsys3', '--enable-memsys5', '--enable-fts3', '--enable-update-limit', '--enable-geopoly', '--enable-rtree', '--enable-session', '--with-tcl=/usr/lib64'] is: 4061912 bytes, 
Exe size when ['--disable-tcl', '--disable-amalgamation', '--disable-load-extension', '--disable-math', '--enable-shared=no', '--enable-releasemode', '--enable-tempstore', '--enable-memsys5', '--enable-fts4', '--enable-json1', '--enable-geopoly', '--with-pic', '--with-gnu-ld'] is: 8635152 bytes, 
Exe size when ['--disable-libtool-lock', '--disable-largefile', '--disable-load-extension', '--disable-math', '--enable-fast-install', '--enable-all', '--enable-json1', '--enable-session', '--with-gnu-ld', '--with-tcl=/usr/lib64'] is: 10151696 bytes, 
Exe size when ['--disable-option-checking', '--disable-largefile', '--disable-tcl', '--disable-readline', '--enable-shared=no', '--enable-static', '--enable-tempstore', '--enable-debug', '--enable-json1', '--enable-gcov', '--with-gnu-ld', '--with-tcl=/usr/lib64'] is: 3443208 bytes, 
Exe size when ['--disable-largefile', '--disable-load-extension', '--enable-shared=no', '--enable-static', '--enable-fast-install', '--enable-tempstore', '--enable-all', '--enable-memsys3', '--enable-fts3', '--enable-fts4', '--enable-update-limit', '--enable-rtree', '--enable-session', '--enable-gcov', '--with-pic', '--with-gnu-ld'] is: 10193912 bytes, 
Exe size when ['--disable-option-checking', '--disable-tcl', '--enable-shared=no', '--enable-static', '--enable-releasemode', '--enable-tempstore', '--enable-editline', '--enable-debug', '--enable-memsys3', '--enable-memsys5', '--enable-fts4', '--enable-json1', '--enable-rtree', '--enable-gcov', '--with-pic'] is: 3453328 bytes, 
Exe size when ['--disable-libtool-lock', '--disable-readline', '--disable-amalgamation', '--disable-math', '--enable-releasemode', '--enable-editline', '--enable-debug', '--enable-all', '--enable-memsys3', '--enable-fts4', '--enable-fts5', '--enable-geopoly', '--enable-gcov', '--with-tcl=/usr/lib64'] is: 4041408 bytes, 
Exe size when ['--disable-option-checking', '--disable-largefile', '--disable-threadsafe', '--disable-readline', '--enable-shared=no', '--enable-releasemode', '--enable-tempstore', '--enable-editline', '--enable-debug', '--enable-memsys3', '--enable-memsys5', '--enable-fts3', '--enable-fts4', '--enable-update-limit', '--enable-geopoly', '--enable-session', '--enable-gcov', '--with-tcl=/usr/lib64'] is: 3556120 bytes, 
Exe size when ['--disable-libtool-lock', '--disable-readline', '--disable-load-extension', '--enable-releasemode', '--enable-debug', '--enable-all', '--enable-memsys3', '--enable-fts3', '--enable-fts4', '--enable-fts5', '--enable-json1', '--enable-geopoly', '--enable-rtree', '--enable-session', '--enable-gcov', '--with-pic', '--with-tcl=/usr/lib64'] is: 4038776 bytes, 
Exe size when ['--disable-option-checking', '--disable-libtool-lock', '--disable-readline', '--disable-amalgamation', '--disable-load-extension', '--disable-math', '--enable-releasemode', '--enable-editline', '--enable-fts4', '--enable-fts5', '--enable-update-limit', '--enable-geopoly', '--enable-rtree', '--with-pic', '--with-gnu-ld'] is: 9754360 bytes, 
Exe size when ['--disable-threadsafe', '--disable-tcl', '--disable-readline', '--disable-load-extension', '--enable-shared=no', '--enable-static', '--enable-editline', '--enable-all', '--enable-memsys5', '--enable-fts4', '--enable-json1', '--enable-update-limit', '--enable-rtree', '--enable-session', '--enable-gcov', '--with-gnu-ld', '--with-tcl=/usr/lib64'] is: 10123800 bytes, 
Exe size when ['--disable-libtool-lock', '--disable-threadsafe', '--disable-tcl', '--disable-readline', '--disable-amalgamation', '--disable-math', '--enable-static', '--enable-releasemode', '--enable-tempstore', '--enable-debug', '--enable-fts3', '--enable-fts4', '--enable-json1', '--with-tcl=/usr/lib64'] is: 3373192 bytes, 
Exe size when ['--disable-option-checking', '--disable-libtool-lock', '--disable-largefile', '--disable-readline', '--enable-shared=no', '--enable-static', '--enable-editline', '--enable-debug', '--enable-all', '--enable-memsys3', '--enable-fts3', '--enable-fts4', '--enable-fts5', '--enable-update-limit', '--enable-rtree', '--enable-gcov', '--with-gnu-ld', '--with-tcl=/usr/lib64'] is: 4051824 bytes, 
Exe size when ['--disable-option-checking', '--disable-libtool-lock', '--disable-tcl', '--disable-math', '--enable-shared=no', '--enable-static', '--enable-all', '--enable-fts4', '--enable-geopoly', '--enable-rtree', '--enable-gcov', '--with-gnu-ld'] is: 10188496 bytes, 
Exe size when ['--disable-option-checking', '--disable-largefile', '--disable-tcl', '--disable-amalgamation', '--enable-shared=no', '--enable-releasemode', '--enable-debug', '--enable-all', '--enable-memsys3', '--enable-fts3', '--enable-json1', '--enable-update-limit', '--enable-geopoly', '--with-pic', '--with-gnu-ld', '--with-tcl=/usr/lib64'] is: 4053200 bytes, 
Exe size when ['--disable-option-checking', '--disable-largefile', '--disable-threadsafe', '--disable-tcl', '--disable-amalgamation', '--disable-load-extension', '--disable-math', '--enable-static', '--enable-fast-install', '--enable-editline', '--enable-all', '--enable-memsys5', '--enable-fts3', '--enable-fts4', '--enable-fts5', '--enable-update-limit', '--enable-geopoly', '--enable-gcov', '--with-tcl=/usr/lib64'] is: 10097472 bytes, 
Exe size when ['--disable-largefile', '--disable-amalgamation', '--disable-math', '--enable-shared=no', '--enable-static', '--enable-releasemode', '--enable-tempstore', '--enable-editline', '--enable-fts3', '--enable-rtree', '--enable-session', '--with-pic', '--with-gnu-ld', '--with-tcl=/usr/lib64'] is: 8953784 bytes, 
Exe size when ['--disable-libtool-lock', '--disable-largefile', '--disable-threadsafe', '--disable-tcl', '--disable-amalgamation', '--disable-load-extension', '--enable-releasemode', '--enable-memsys3', '--enable-fts3', '--enable-fts5', '--enable-update-limit', '--enable-rtree', '--enable-session', '--enable-gcov', '--with-gnu-ld'] is: 9993288 bytes, 
Exe size when ['--disable-option-checking', '--disable-libtool-lock', '--disable-largefile', '--disable-tcl', '--disable-amalgamation', '--enable-shared=no', '--enable-static', '--enable-fast-install', '--enable-releasemode', '--enable-tempstore', '--enable-debug', '--enable-all', '--enable-fts4', '--enable-fts5', '--enable-json1', '--with-gnu-ld', '--with-tcl=/usr/lib64'] is: 4052352 bytes, 
Exe size when ['--disable-largefile', '--disable-readline', '--enable-shared=no', '--enable-static', '--enable-releasemode', '--enable-editline', '--enable-all', '--enable-memsys3', '--enable-memsys5', '--enable-fts5', '--enable-geopoly', '--enable-rtree', '--enable-session', '--with-gnu-ld', '--with-tcl=/usr/lib64'] is: 10224816 bytes, 
Exe size when ['--disable-option-checking', '--disable-libtool-lock', '--disable-largefile', '--disable-readline', '--disable-math', '--enable-shared=no', '--enable-static', '--enable-debug', '--enable-fts5', '--enable-session', '--enable-gcov', '--with-gnu-ld'] is: 4003232 bytes, 
Exe size when ['--disable-largefile', '--disable-load-extension', '--enable-fast-install', '--enable-tempstore', '--enable-memsys5', '--enable-fts3', '--enable-json1', '--enable-update-limit', '--enable-rtree', '--enable-session', '--with-gnu-ld', '--with-tcl=/usr/lib64'] is: 8972336 bytes, 
Exe size when ['--disable-option-checking', '--disable-libtool-lock', '--disable-largefile', '--disable-threadsafe', '--disable-tcl', '--disable-readline', '--disable-math', '--enable-shared=no', '--enable-tempstore', '--enable-editline', '--enable-all', '--enable-memsys5', '--enable-fts3', '--enable-fts4', '--enable-rtree', '--enable-session', '--with-pic'] is: 10101096 bytes, 
Exe size when ['--disable-libtool-lock', '--disable-largefile', '--disable-load-extension', '--enable-static', '--enable-releasemode', '--enable-editline', '--enable-memsys3', '--enable-fts4', '--enable-update-limit', '--enable-geopoly', '--enable-session', '--with-gnu-ld'] is: 9082048 bytes, 
Exe size when ['--disable-option-checking', '--disable-libtool-lock', '--disable-threadsafe', '--disable-tcl', '--disable-readline', '--disable-amalgamation', '--enable-static', '--enable-fast-install', '--enable-releasemode', '--enable-tempstore', '--enable-editline', '--enable-all', '--enable-memsys5', '--enable-fts3', '--enable-fts4', '--enable-fts5', '--enable-update-limit', '--enable-geopoly', '--enable-session', '--enable-gcov', '--with-pic'] is: 10147416 bytes, 
Exe size when ['--disable-option-checking', '--disable-libtool-lock', '--disable-threadsafe', '--disable-tcl', '--disable-amalgamation', '--disable-load-extension', '--disable-math', '--enable-fast-install', '--enable-releasemode', '--enable-tempstore', '--enable-debug', '--enable-memsys5', '--enable-fts3', '--enable-fts4', '--enable-fts5', '--enable-update-limit', '--with-pic', '--with-gnu-ld', '--with-tcl=/usr/lib64'] is: 3824352 bytes, 
Exe size when ['--disable-option-checking', '--disable-largefile', '--disable-threadsafe', '--disable-tcl', '--disable-amalgamation', '--disable-load-extension', '--disable-math', '--enable-fast-install', '--enable-releasemode', '--enable-all', '--enable-memsys3', '--enable-memsys5', '--enable-fts3', '--enable-fts4', '--enable-update-limit', '--enable-rtree', '--enable-session', '--enable-gcov', '--with-gnu-ld'] is: 10097472 bytes, 
Exe size when ['--disable-option-checking', '--disable-libtool-lock', '--disable-tcl', '--disable-amalgamation', '--disable-load-extension', '--disable-math', '--enable-static', '--enable-releasemode', '--enable-editline', '--enable-debug', '--enable-all', '--enable-memsys3', '--enable-memsys5', '--enable-fts3', '--enable-json1', '--enable-update-limit', '--enable-rtree', '--with-tcl=/usr/lib64'] is: 4044240 bytes, 
Exe size when ['--disable-option-checking', '--disable-libtool-lock', '--disable-readline', '--disable-amalgamation', '--enable-shared=no', '--enable-fast-install', '--enable-debug', '--enable-memsys3', '--enable-memsys5', '--enable-fts3', '--enable-fts5', '--enable-update-limit', '--enable-geopoly', '--enable-rtree', '--enable-gcov', '--with-gnu-ld', '--with-tcl=/usr/lib64'] is: 3930944 bytes, 
Exe size when ['--disable-option-checking', '--disable-largefile', '--disable-threadsafe', '--disable-tcl', '--disable-readline', '--disable-amalgamation', '--disable-load-extension', '--enable-releasemode', '--enable-tempstore', '--enable-editline', '--enable-debug', '--enable-all', '--enable-fts4', '--enable-json1', '--enable-update-limit', '--enable-geopoly', '--enable-rtree', '--enable-gcov', '--with-gnu-ld'] is: 3983376 bytes, 
Exe size when ['--disable-option-checking', '--disable-largefile', '--disable-threadsafe', '--disable-tcl', '--disable-readline', '--disable-math', '--enable-shared=no', '--enable-tempstore', '--enable-debug', '--enable-memsys3', '--enable-fts3', '--enable-fts4', '--enable-fts5', '--enable-json1', '--enable-rtree', '--enable-session', '--enable-gcov', '--with-pic', '--with-gnu-ld'] is: 3942800 bytes, 
Exe size when ['--disable-option-checking', '--disable-libtool-lock', '--disable-threadsafe', '--disable-amalgamation', '--enable-fast-install', '--enable-tempstore', '--enable-debug', '--enable-memsys5', '--enable-fts3', '--enable-rtree', '--enable-gcov', '--with-pic', '--with-gnu-ld', '--with-tcl=/usr/lib64'] is: 3397056 bytes, 
Exe size when ['--disable-option-checking', '--disable-math', '--enable-shared=no', '--enable-releasemode', '--enable-debug', '--enable-all', '--enable-memsys5', '--enable-fts4', '--enable-fts5', '--enable-json1', '--enable-update-limit', '--enable-geopoly', '--enable-gcov', '--with-tcl=/usr/lib64'] is: 4056472 bytes, 
Exe size when ['--disable-option-checking', '--disable-threadsafe', '--disable-tcl', '--disable-readline', '--disable-math', '--enable-fast-install', '--enable-tempstore', '--enable-debug', '--enable-memsys5', '--enable-fts3', '--enable-fts4', '--enable-json1', '--enable-geopoly', '--enable-rtree', '--enable-gcov', '--with-pic', '--with-gnu-ld'] is: 3416064 bytes, 
Exe size when ['--disable-libtool-lock', '--disable-largefile', '--disable-threadsafe', '--disable-readline', '--disable-amalgamation', '--enable-fast-install', '--enable-all', '--enable-fts3', '--enable-json1', '--enable-rtree', '--enable-gcov', '--with-pic'] is: 10125552 bytes, 
Exe size when ['--disable-libtool-lock', '--disable-threadsafe', '--disable-tcl', '--enable-shared=no', '--enable-static', '--enable-releasemode', '--enable-tempstore', '--enable-all', '--enable-memsys3', '--enable-memsys5', '--enable-fts5', '--enable-json1', '--enable-rtree', '--with-gnu-ld', '--with-tcl=/usr/lib64'] is: 10136360 bytes, 
Exe size when ['--disable-libtool-lock', '--disable-largefile', '--disable-tcl', '--disable-readline', '--disable-math', '--enable-static', '--enable-releasemode', '--enable-tempstore', '--enable-editline', '--enable-memsys3', '--enable-fts4', '--enable-fts5', '--enable-json1', '--enable-geopoly', '--enable-rtree', '--enable-gcov', '--with-pic', '--with-tcl=/usr/lib64'] is: 9767944 bytes, 
Exe size when ['--disable-threadsafe', '--disable-tcl', '--disable-readline', '--disable-amalgamation', '--enable-fast-install', '--enable-tempstore', '--enable-all', '--enable-json1', '--enable-geopoly', '--enable-rtree', '--enable-session', '--with-gnu-ld'] is: 10125560 bytes, 
Exe size when ['--disable-option-checking', '--disable-threadsafe', '--disable-tcl', '--disable-readline', '--disable-amalgamation', '--disable-math', '--enable-shared=no', '--enable-static', '--enable-fast-install', '--enable-releasemode', '--enable-tempstore', '--enable-editline', '--enable-debug', '--enable-fts3', '--enable-fts4', '--enable-fts5', '--enable-update-limit', '--enable-rtree', '--enable-gcov', '--with-pic'] is: 3818232 bytes, 
Exe size when ['--disable-libtool-lock', '--disable-largefile', '--disable-threadsafe', '--disable-tcl', '--disable-readline', '--disable-amalgamation', '--disable-load-extension', '--enable-shared=no', '--enable-static', '--enable-releasemode', '--enable-tempstore', '--enable-debug', '--enable-json1', '--enable-geopoly', '--enable-rtree', '--enable-gcov', '--with-pic'] is: 3408976 bytes, 
Exe size when ['--disable-option-checking', '--disable-largefile', '--disable-threadsafe', '--disable-readline', '--disable-load-extension', '--disable-math', '--enable-static', '--enable-releasemode', '--enable-tempstore', '--enable-editline', '--enable-all', '--enable-memsys3', '--enable-fts3', '--enable-fts5', '--enable-session', '--with-pic', '--with-gnu-ld'] is: 10060904 bytes, 
Exe size when ['--disable-threadsafe', '--disable-readline', '--disable-load-extension', '--disable-math', '--enable-static', '--enable-fast-install', '--enable-releasemode', '--enable-all', '--enable-memsys5', '--enable-fts5', '--enable-json1', '--enable-rtree', '--enable-session', '--with-pic', '--with-tcl=/usr/lib64'] is: 10073528 bytes, 
Exe size when ['--disable-option-checking', '--disable-libtool-lock', '--disable-tcl', '--disable-readline', '--disable-amalgamation', '--disable-math', '--enable-fast-install', '--enable-releasemode', '--enable-tempstore', '--enable-debug', '--enable-all', '--enable-memsys5', '--enable-fts4', '--enable-json1', '--enable-update-limit', '--enable-geopoly', '--enable-gcov'] is: 4055064 bytes, 
Exe size when ['--disable-libtool-lock', '--disable-threadsafe', '--disable-tcl', '--disable-readline', '--disable-amalgamation', '--disable-math', '--enable-shared=no', '--enable-static', '--enable-fast-install', '--enable-fts5', '--enable-json1', '--enable-geopoly', '--enable-session', '--enable-gcov', '--with-gnu-ld'] is: 10092536 bytes, 
Exe size when ['--disable-option-checking', '--disable-libtool-lock', '--disable-largefile', '--disable-tcl', '--disable-amalgamation', '--disable-load-extension', '--disable-math', '--enable-tempstore', '--enable-editline', '--enable-debug', '--enable-memsys3', '--enable-fts3', '--enable-fts5', '--enable-geopoly', '--enable-session', '--enable-gcov', '--with-tcl=/usr/lib64'] is: 4034688 bytes, 
Exe size when ['--disable-option-checking', '--disable-libtool-lock', '--disable-largefile', '--disable-threadsafe', '--disable-tcl', '--disable-readline', '--enable-shared=no', '--enable-fast-install', '--enable-releasemode', '--enable-tempstore', '--enable-editline', '--enable-all', '--enable-memsys3', '--enable-fts3', '--enable-fts4', '--enable-json1', '--enable-update-limit', '--with-pic'] is: 10138856 bytes, 
Exe size when ['--disable-option-checking', '--disable-libtool-lock', '--disable-largefile', '--disable-threadsafe', '--disable-tcl', '--disable-readline', '--disable-amalgamation', '--disable-load-extension', '--disable-math', '--enable-releasemode', '--enable-tempstore', '--enable-editline', '--enable-memsys3', '--enable-rtree', '--enable-session', '--with-pic', '--with-gnu-ld'] is: 8817032 bytes, 
Exe size when ['--disable-option-checking', '--disable-readline', '--disable-load-extension', '--disable-math', '--enable-shared=no', '--enable-tempstore', '--enable-editline', '--enable-all', '--enable-fts3', '--enable-fts4', '--enable-geopoly', '--enable-rtree', '--enable-session', '--enable-gcov', '--with-pic', '--with-gnu-ld'] is: 10148952 bytes, 
Exe size when ['--disable-largefile', '--disable-threadsafe', '--disable-readline', '--enable-shared=no', '--enable-fast-install', '--enable-tempstore', '--enable-debug', '--enable-all', '--enable-memsys3', '--enable-memsys5', '--enable-fts5', '--enable-json1', '--enable-gcov', '--with-pic', '--with-tcl=/usr/lib64'] is: 3999232 bytes, 
Exe size when ['--disable-largefile', '--disable-threadsafe', '--disable-tcl', '--disable-readline', '--disable-amalgamation', '--enable-static', '--enable-fast-install', '--enable-releasemode', '--enable-tempstore', '--enable-editline', '--enable-all', '--enable-memsys3', '--enable-fts3', '--enable-fts4', '--enable-json1', '--enable-geopoly', '--enable-rtree', '--with-tcl=/usr/lib64'] is: 10125552 bytes, 
Exe size when ['--disable-option-checking', '--disable-largefile', '--disable-amalgamation', '--disable-load-extension', '--enable-static', '--enable-fast-install', '--enable-releasemode', '--enable-tempstore', '--enable-editline', '--enable-memsys3', '--enable-fts5', '--enable-update-limit', '--enable-gcov', '--with-pic', '--with-gnu-ld', '--with-tcl=/usr/lib64'] is: 9666456 bytes, 
Exe size when ['--disable-option-checking', '--disable-libtool-lock', '--disable-largefile', '--disable-threadsafe', '--disable-readline', '--disable-load-extension', '--enable-fast-install', '--enable-tempstore', '--enable-all', '--enable-memsys5', '--enable-fts3', '--enable-fts4', '--enable-fts5', '--enable-json1', '--enable-update-limit', '--enable-gcov', '--with-tcl=/usr/lib64'] is: 10123768 bytes, 
Exe size when ['--disable-option-checking', '--disable-libtool-lock', '--disable-largefile', '--disable-threadsafe', '--disable-tcl', '--disable-readline', '--enable-tempstore', '--enable-editline', '--enable-all', '--enable-fts3', '--enable-fts4', '--enable-fts5', '--enable-update-limit', '--enable-geopoly', '--enable-rtree', '--enable-gcov'] is: 10138856 bytes, 
Exe size when ['--disable-option-checking', '--disable-largefile', '--disable-tcl', '--disable-load-extension', '--disable-math', '--enable-static', '--enable-fast-install', '--enable-editline', '--enable-debug', '--enable-all', '--enable-memsys3', '--enable-memsys5', '--enable-fts3', '--enable-fts4', '--enable-json1', '--enable-rtree', '--enable-gcov', '--with-pic', '--with-gnu-ld', '--with-tcl=/usr/lib64'] is: 4043392 bytes, 
Exe size when ['--disable-option-checking', '--disable-libtool-lock', '--disable-largefile', '--disable-threadsafe', '--disable-tcl', '--disable-readline', '--disable-load-extension', '--disable-math', '--enable-releasemode', '--enable-tempstore', '--enable-editline', '--enable-debug', '--enable-memsys3', '--enable-fts3', '--enable-update-limit', '--enable-rtree', '--enable-session', '--with-tcl=/usr/lib64'] is: 3491488 bytes, 
Exe size when ['--disable-option-checking', '--disable-libtool-lock', '--disable-threadsafe', '--disable-tcl', '--disable-amalgamation', '--disable-load-extension', '--disable-math', '--enable-shared=no', '--enable-static', '--enable-fast-install', '--enable-tempstore', '--enable-editline', '--enable-all', '--enable-fts4', '--enable-json1', '--enable-geopoly', '--enable-session', '--enable-gcov', '--with-gnu-ld', '--with-tcl=/usr/lib64'] is: 10071792 bytes, 
Exe size when ['--disable-libtool-lock', '--disable-largefile', '--disable-tcl', '--disable-readline', '--disable-amalgamation', '--disable-load-extension', '--enable-shared=no', '--enable-static', '--enable-fast-install', '--enable-releasemode', '--enable-tempstore', '--enable-editline', '--enable-all', '--enable-fts3', '--enable-fts5', '--enable-json1', '--enable-update-limit', '--enable-rtree', '--enable-session', '--with-pic', '--with-tcl=/usr/lib64'] is: 10191168 bytes, 
Exe size when ['--disable-option-checking', '--disable-largefile', '--disable-threadsafe', '--disable-tcl', '--disable-readline', '--enable-shared=no', '--enable-static', '--enable-tempstore', '--enable-debug', '--enable-memsys3', '--enable-memsys5', '--enable-fts3', '--enable-fts4', '--enable-fts5', '--enable-rtree', '--enable-gcov', '--with-pic', '--with-gnu-ld'] is: 3835656 bytes, 
Exe size when ['--disable-option-checking', '--disable-largefile', '--disable-tcl', '--disable-readline', '--disable-amalgamation', '--disable-load-extension', '--disable-math', '--enable-shared=no', '--enable-fast-install', '--enable-editline', '--enable-memsys5', '--enable-json1', '--enable-rtree', '--enable-session', '--enable-gcov', '--with-pic', '--with-gnu-ld'] is: 8927584 bytes, 
Exe size when ['--disable-option-checking', '--disable-libtool-lock', '--disable-threadsafe', '--disable-readline', '--disable-amalgamation', '--enable-shared=no', '--enable-static', '--enable-tempstore', '--enable-editline', '--enable-all', '--enable-memsys5', '--enable-fts3', '--enable-fts4', '--enable-update-limit', '--enable-geopoly', '--enable-session', '--enable-gcov', '--with-pic', '--with-gnu-ld', '--with-tcl=/usr/lib64'] is: 10147416 bytes, 
Exe size when ['--disable-option-checking', '--disable-libtool-lock', '--disable-threadsafe', '--disable-tcl', '--disable-amalgamation', '--enable-shared=no', '--enable-fast-install', '--enable-editline', '--enable-debug', '--enable-all', '--enable-memsys5', '--enable-fts3', '--enable-fts5', '--enable-gcov', '--with-pic', '--with-tcl=/usr/lib64'] is: 4000608 bytes, 
Exe size when ['--disable-libtool-lock', '--disable-largefile', '--disable-threadsafe', '--disable-tcl', '--disable-readline', '--disable-amalgamation', '--enable-static', '--enable-fast-install', '--enable-releasemode', '--enable-tempstore', '--enable-editline', '--enable-debug', '--enable-memsys3', '--enable-memsys5', '--enable-fts3', '--enable-update-limit', '--enable-rtree', '--enable-session', '--with-gnu-ld', '--with-tcl=/usr/lib64'] is: 3521992 bytes, 
Exe size when ['--disable-readline', '--disable-load-extension', '--disable-math', '--enable-shared=no', '--enable-static', '--enable-releasemode', '--enable-debug', '--enable-all', '--enable-memsys3', '--enable-fts3', '--enable-fts4', '--enable-fts5', '--enable-geopoly', '--enable-rtree', '--enable-session', '--with-pic'] is: 4033272 bytes, 
Exe size when ['--disable-option-checking', '--disable-libtool-lock', '--disable-largefile', '--disable-threadsafe', '--disable-tcl', '--disable-readline', '--disable-load-extension', '--enable-static', '--enable-releasemode', '--enable-tempstore', '--enable-debug', '--enable-all', '--enable-fts4', '--enable-fts5', '--enable-update-limit', '--enable-rtree', '--with-gnu-ld', '--with-tcl=/usr/lib64'] is: 3983376 bytes, 
Exe size when ['--disable-option-checking', '--disable-largefile', '--disable-readline', '--enable-shared=no', '--enable-static', '--enable-fast-install', '--enable-releasemode', '--enable-tempstore', '--enable-editline', '--enable-debug', '--enable-all', '--enable-memsys5', '--enable-fts5', '--enable-update-limit', '--enable-session', '--with-pic', '--with-tcl=/usr/lib64'] is: 4060536 bytes, 
Exe size when ['--disable-option-checking', '--disable-tcl', '--disable-readline', '--disable-amalgamation', '--disable-load-extension', '--enable-static', '--enable-fast-install', '--enable-releasemode', '--enable-tempstore', '--enable-editline', '--enable-debug', '--enable-fts3', '--enable-fts4', '--enable-fts5', '--enable-json1', '--enable-rtree', '--enable-gcov', '--with-gnu-ld'] is: 3879168 bytes, 
Exe size when ['--disable-option-checking', '--disable-tcl', '--disable-readline', '--disable-amalgamation', '--disable-load-extension', '--enable-shared=no', '--enable-static', '--enable-fast-install', '--enable-releasemode', '--enable-debug', '--enable-all', '--enable-memsys5', '--enable-fts4', '--with-pic', '--with-tcl=/usr/lib64'] is: 4051584 bytes, 
Exe size when ['--disable-libtool-lock', '--disable-threadsafe', '--disable-readline', '--enable-fast-install', '--enable-releasemode', '--enable-editline', '--enable-debug', '--enable-all', '--enable-fts3', '--enable-fts4', '--enable-json1', '--enable-update-limit', '--enable-rtree', '--enable-session'] is: 3995488 bytes, 
Exe size when ['--disable-threadsafe', '--disable-tcl', '--disable-readline', '--disable-amalgamation', '--disable-load-extension', '--disable-math', '--enable-shared=no', '--enable-fast-install', '--enable-releasemode', '--enable-tempstore', '--enable-debug', '--enable-memsys3', '--enable-memsys5', '--enable-fts3', '--enable-fts4', '--enable-fts5', '--enable-rtree', '--enable-session', '--enable-gcov'] is: 3939344 bytes, 
Exe size when ['--disable-option-checking', '--disable-threadsafe', '--disable-amalgamation', '--disable-load-extension', '--disable-math', '--enable-static', '--enable-releasemode', '--enable-editline', '--enable-all', '--enable-memsys3', '--enable-fts4', '--enable-json1', '--enable-geopoly', '--enable-session', '--enable-gcov', '--with-pic', '--with-tcl=/usr/lib64'] is: 10071792 bytes, 
Exe size when ['--disable-option-checking', '--disable-libtool-lock', '--disable-largefile', '--disable-tcl', '--disable-readline', '--disable-math', '--enable-shared=no', '--enable-fast-install', '--enable-releasemode', '--enable-editline', '--enable-update-limit', '--enable-rtree', '--with-pic'] is: 8547048 bytes, 
Exe size when ['--disable-option-checking', '--disable-largefile', '--disable-threadsafe', '--disable-readline', '--disable-amalgamation', '--disable-math', '--enable-shared=no', '--enable-fast-install', '--enable-tempstore', '--enable-editline', '--enable-debug', '--enable-all', '--enable-memsys5', '--enable-fts4', '--enable-fts5', '--enable-update-limit', '--with-gnu-ld'] is: 3990520 bytes, 
Exe size when ['--disable-largefile', '--disable-math', '--enable-shared=no', '--enable-static', '--enable-releasemode', '--enable-tempstore', '--enable-editline', '--enable-debug', '--enable-all', '--enable-fts3', '--enable-fts4', '--enable-fts5', '--enable-rtree', '--enable-session', '--enable-gcov', '--with-tcl=/usr/lib64'] is: 4042816 bytes, 
Exe size when ['--disable-libtool-lock', '--disable-largefile', '--disable-threadsafe', '--disable-tcl', '--disable-amalgamation', '--disable-load-extension', '--enable-static', '--enable-tempstore', '--enable-memsys5', '--enable-fts5', '--enable-json1', '--enable-session', '--enable-gcov', '--with-pic', '--with-gnu-ld', '--with-tcl=/usr/lib64'] is: 9987952 bytes, 
Exe size when ['--disable-option-checking', '--disable-libtool-lock', '--disable-threadsafe', '--disable-readline', '--disable-math', '--enable-shared=no', '--enable-memsys5', '--enable-fts4', '--enable-update-limit', '--enable-rtree'] is: 8497600 bytes, 
Exe size when ['--disable-option-checking', '--disable-libtool-lock', '--disable-largefile', '--disable-threadsafe', '--disable-tcl', '--disable-readline', '--disable-math', '--enable-all', '--enable-memsys3', '--enable-memsys5', '--enable-fts3', '--enable-fts4', '--enable-fts5', '--enable-rtree', '--enable-session', '--enable-gcov', '--with-pic', '--with-gnu-ld', '--with-tcl=/usr/lib64'] is: 10101096 bytes, 
Exe size when ['--disable-amalgamation', '--disable-math', '--enable-shared=no', '--enable-static', '--enable-fast-install', '--enable-tempstore', '--enable-editline', '--enable-debug', '--enable-all', '--enable-memsys3', '--enable-memsys5', '--enable-fts5', '--enable-geopoly', '--enable-rtree', '--enable-session', '--with-gnu-ld', '--with-tcl=/usr/lib64'] is: 4051536 bytes, 
Exe size when ['--disable-libtool-lock', '--disable-largefile', '--disable-tcl', '--disable-load-extension', '--enable-fast-install', '--enable-releasemode', '--enable-editline', '--enable-all', '--enable-memsys5', '--enable-fts3', '--enable-fts5', '--enable-update-limit', '--enable-rtree'] is: 10212096 bytes, 
Exe size when ['--disable-option-checking', '--disable-tcl', '--disable-readline', '--enable-static', '--enable-fast-install', '--enable-releasemode', '--enable-editline', '--enable-all', '--enable-memsys5', '--enable-fts3', '--enable-fts5', '--enable-json1', '--enable-geopoly', '--enable-gcov', '--with-pic', '--with-gnu-ld'] is: 10224768 bytes, 
Exe size when ['--disable-tcl', '--disable-readline', '--disable-amalgamation', '--disable-math', '--enable-shared=no', '--enable-editline', '--enable-all', '--enable-memsys3', '--enable-memsys5', '--enable-fts5', '--enable-json1', '--enable-geopoly', '--enable-rtree'] is: 10196032 bytes, 
Exe size when ['--disable-threadsafe', '--disable-readline', '--disable-amalgamation', '--enable-fast-install', '--enable-editline', '--enable-memsys3', '--enable-memsys5', '--enable-fts3', '--enable-fts5', '--enable-json1', '--enable-session', '--enable-gcov', '--with-pic'] is: 10017376 bytes, 
Exe size when ['--disable-option-checking', '--disable-largefile', '--disable-readline', '--enable-editline', '--enable-debug', '--enable-memsys3', '--enable-memsys5', '--enable-fts3', '--enable-json1', '--enable-geopoly', '--enable-rtree', '--enable-gcov', '--with-gnu-ld'] is: 3490192 bytes, 
Exe size when ['--disable-tcl', '--disable-readline', '--disable-amalgamation', '--enable-static', '--enable-fast-install', '--enable-releasemode', '--enable-tempstore', '--enable-editline', '--enable-debug', '--enable-memsys3', '--enable-fts3', '--enable-fts4', '--enable-json1', '--enable-geopoly', '--enable-gcov', '--with-tcl=/usr/lib64'] is: 3477376 bytes, 
Exe size when ['--disable-threadsafe', '--disable-tcl', '--disable-load-extension', '--disable-math', '--enable-fast-install', '--enable-releasemode', '--enable-debug', '--enable-fts3', '--enable-fts4', '--enable-fts5', '--enable-json1', '--enable-update-limit', '--enable-rtree', '--enable-session', '--enable-gcov'] is: 3941104 bytes, 
Exe size when ['--disable-option-checking', '--disable-largefile', '--disable-threadsafe', '--disable-amalgamation', '--disable-load-extension', '--disable-math', '--enable-shared=no', '--enable-releasemode', '--enable-tempstore', '--enable-editline', '--enable-all', '--enable-update-limit', '--enable-geopoly', '--enable-rtree', '--enable-session', '--with-pic'] is: 10085176 bytes, 
Exe size when ['--disable-option-checking', '--disable-largefile', '--disable-tcl', '--disable-readline', '--disable-amalgamation', '--disable-math', '--enable-static', '--enable-fast-install', '--enable-releasemode', '--enable-editline', '--enable-memsys3', '--enable-memsys5', '--enable-fts4', '--enable-fts5', '--enable-update-limit', '--enable-rtree', '--enable-session', '--with-pic', '--with-gnu-ld'] is: 10095672 bytes, 
Exe size when ['--disable-threadsafe', '--enable-shared=no', '--enable-static', '--enable-fast-install', '--enable-releasemode', '--enable-tempstore', '--enable-editline', '--enable-debug', '--enable-all', '--enable-fts4', '--enable-fts5', '--enable-json1', '--enable-update-limit', '--with-pic', '--with-gnu-ld'] is: 3996864 bytes, 
Exe size when ['--disable-option-checking', '--disable-tcl', '--disable-readline', '--disable-math', '--enable-shared=no', '--enable-static', '--enable-tempstore', '--enable-editline', '--enable-all', '--enable-memsys3', '--enable-memsys5', '--enable-fts5', '--enable-json1', '--enable-geopoly', '--enable-gcov', '--with-gnu-ld', '--with-tcl=/usr/lib64'] is: 10196032 bytes, 
Exe size when ['--disable-option-checking', '--disable-libtool-lock', '--disable-largefile', '--disable-threadsafe', '--disable-readline', '--disable-amalgamation', '--enable-shared=no', '--enable-static', '--enable-editline', '--enable-debug', '--enable-all', '--enable-memsys3', '--enable-fts3', '--enable-json1', '--enable-update-limit', '--enable-geopoly', '--with-pic'] is: 3995488 bytes, 
Exe size when ['--disable-libtool-lock', '--disable-amalgamation', '--disable-load-extension', '--enable-fast-install', '--enable-releasemode', '--enable-editline', '--enable-memsys5', '--enable-fts5', '--enable-rtree', '--enable-gcov', '--with-pic', '--with-gnu-ld'] is: 9664240 bytes, 
Exe size when ['--disable-option-checking', '--disable-libtool-lock', '--disable-threadsafe', '--disable-tcl', '--disable-readline', '--disable-amalgamation', '--enable-static', '--enable-releasemode', '--enable-editline', '--enable-debug', '--enable-all', '--enable-fts5', '--enable-geopoly', '--enable-rtree', '--enable-session', '--with-pic', '--with-tcl=/usr/lib64'] is: 3990544 bytes, 
Exe size when ['--disable-libtool-lock', '--disable-threadsafe', '--disable-tcl', '--disable-amalgamation', '--enable-shared=no', '--enable-debug', '--enable-all', '--enable-fts3', '--enable-fts4', '--enable-fts5', '--enable-geopoly', '--with-pic', '--with-gnu-ld', '--with-tcl=/usr/lib64'] is: 3991920 bytes, 
Exe size when ['--disable-option-checking', '--disable-threadsafe', '--disable-tcl', '--disable-amalgamation', '--disable-load-extension', '--disable-math', '--enable-shared=no', '--enable-static', '--enable-editline', '--enable-all', '--enable-memsys3', '--enable-memsys5', '--enable-fts3', '--enable-fts4', '--enable-update-limit', '--enable-geopoly', '--enable-session', '--with-tcl=/usr/lib64'] is: 10097472 bytes, 
Exe size when ['--disable-libtool-lock', '--disable-largefile', '--disable-threadsafe', '--disable-amalgamation', '--disable-load-extension', '--enable-fast-install', '--enable-releasemode', '--enable-debug', '--enable-memsys3', '--enable-fts3', '--enable-fts5', '--enable-geopoly', '--enable-rtree', '--enable-session', '--with-gnu-ld', '--with-tcl=/usr/lib64'] is: 3983904 bytes, 
Exe size when ['--disable-threadsafe', '--disable-tcl', '--disable-readline', '--disable-math', '--enable-tempstore', '--enable-editline', '--enable-memsys3', '--enable-fts4', '--enable-json1', '--enable-update-limit', '--with-gnu-ld'] is: 8485048 bytes, 
Exe size when ['--disable-libtool-lock', '--disable-largefile', '--disable-amalgamation', '--disable-load-extension', '--enable-fast-install', '--enable-tempstore', '--enable-editline', '--enable-all', '--enable-memsys3', '--enable-fts4', '--enable-rtree', '--enable-session', '--with-pic'] is: 10180456 bytes, 
Exe size when ['--disable-libtool-lock', '--disable-threadsafe', '--disable-tcl', '--disable-readline', '--disable-load-extension', '--enable-shared=no', '--enable-static', '--enable-editline', '--enable-all', '--enable-fts5', '--enable-update-limit', '--enable-session', '--with-gnu-ld', '--with-tcl=/usr/lib64'] is: 10111128 bytes, 
Exe size when ['--disable-option-checking', '--disable-threadsafe', '--disable-amalgamation', '--disable-math', '--enable-static', '--enable-tempstore', '--enable-memsys3', '--enable-memsys5', '--enable-fts5', '--enable-update-limit', '--enable-geopoly', '--enable-rtree', '--enable-session', '--enable-gcov', '--with-tcl=/usr/lib64'] is: 10125280 bytes, 
Exe size when ['--disable-largefile', '--disable-threadsafe', '--disable-tcl', '--disable-readline', '--disable-amalgamation', '--disable-math', '--enable-shared=no', '--enable-tempstore', '--enable-editline', '--enable-memsys3', '--enable-memsys5', '--enable-fts3', '--enable-fts4', '--enable-fts5', '--enable-json1', '--enable-session', '--with-tcl=/usr/lib64'] is: 9980504 bytes, 
Exe size when ['--disable-option-checking', '--enable-shared=no', '--enable-static', '--enable-memsys3', '--enable-memsys5', '--enable-fts4', '--with-pic', '--with-gnu-ld'] is: 8576344 bytes, 
Exe size when ['--disable-option-checking', '--disable-largefile', '--disable-readline', '--disable-amalgamation', '--disable-math', '--enable-shared=no', '--enable-fast-install', '--enable-releasemode', '--enable-editline', '--enable-all', '--enable-fts3', '--enable-fts4', '--enable-fts5', '--enable-json1', '--enable-geopoly', '--enable-session', '--enable-gcov', '--with-pic', '--with-gnu-ld', '--with-tcl=/usr/lib64'] is: 10185760 bytes, 
Exe size when ['--disable-option-checking', '--disable-libtool-lock', '--disable-threadsafe', '--disable-readline', '--disable-amalgamation', '--disable-load-extension', '--disable-math', '--enable-shared=no', '--enable-static', '--enable-fast-install', '--enable-tempstore', '--enable-editline', '--enable-all', '--enable-memsys3', '--enable-memsys5', '--enable-fts3', '--enable-fts4', '--enable-json1', '--enable-update-limit', '--enable-geopoly', '--with-gnu-ld'] is: 10090944 bytes, 
Exe size when ['--disable-largefile', '--disable-threadsafe', '--enable-shared=no', '--enable-static', '--enable-debug', '--enable-memsys3', '--enable-memsys5', '--enable-fts3', '--enable-rtree', '--enable-gcov', '--with-gnu-ld', '--with-tcl=/usr/lib64'] is: 3397056 bytes, 
Exe size when ['--disable-tcl', '--disable-amalgamation', '--enable-static', '--enable-tempstore', '--enable-fts4', '--enable-fts5', '--enable-update-limit', '--enable-session', '--enable-gcov', '--with-pic', '--with-tcl=/usr/lib64'] is: 10112816 bytes, 
Exe size when ['--disable-option-checking', '--disable-threadsafe', '--disable-tcl', '--disable-readline', '--disable-load-extension', '--enable-editline', '--enable-debug', '--enable-memsys3', '--enable-memsys5', '--enable-fts5', '--enable-json1', '--enable-geopoly', '--enable-gcov'] is: 3861680 bytes, 
Exe size when ['--disable-largefile', '--disable-amalgamation', '--disable-math', '--enable-shared=no', '--enable-releasemode', '--enable-tempstore', '--enable-editline', '--enable-debug', '--enable-all', '--enable-memsys3', '--enable-memsys5', '--enable-fts3', '--enable-geopoly', '--enable-gcov', '--with-gnu-ld', '--with-tcl=/usr/lib64'] is: 4051536 bytes, 
Exe size when ['--disable-libtool-lock', '--disable-largefile', '--disable-threadsafe', '--disable-tcl', '--enable-fast-install', '--enable-debug', '--enable-all', '--enable-memsys5', '--enable-fts4', '--enable-rtree', '--with-pic', '--with-gnu-ld'] is: 4000608 bytes, 
Exe size when ['--disable-tcl', '--disable-readline', '--disable-load-extension', '--enable-static', '--enable-releasemode', '--enable-tempstore', '--enable-editline', '--enable-debug', '--enable-all', '--enable-memsys5', '--enable-fts3', '--enable-json1', '--enable-update-limit', '--with-pic', '--with-tcl=/usr/lib64'] is: 4052440 bytes, 
Exe size when ['--disable-option-checking', '--disable-largefile', '--disable-amalgamation', '--disable-load-extension', '--disable-math', '--enable-shared=no', '--enable-static', '--enable-releasemode', '--enable-editline', '--enable-all', '--enable-fts5', '--enable-geopoly', '--enable-rtree', '--enable-session', '--with-tcl=/usr/lib64'] is: 10151696 bytes, 
Exe size when ['--disable-option-checking', '--disable-threadsafe', '--disable-amalgamation', '--disable-load-extension', '--enable-shared=no', '--enable-fast-install', '--enable-releasemode', '--enable-tempstore', '--enable-debug', '--enable-memsys3', '--enable-fts3', '--enable-fts4', '--enable-json1', '--enable-rtree', '--enable-session', '--enable-gcov', '--with-pic', '--with-gnu-ld', '--with-tcl=/usr/lib64'] is: 3505792 bytes, 
Exe size when ['--disable-libtool-lock', '--disable-largefile', '--disable-tcl', '--disable-readline', '--disable-load-extension', '--enable-shared=no', '--enable-static', '--enable-fast-install', '--enable-tempstore', '--enable-debug', '--enable-all', '--enable-memsys3', '--enable-memsys5', '--enable-fts3', '--enable-fts4', '--enable-update-limit', '--enable-gcov', '--with-pic', '--with-tcl=/usr/lib64'] is: 4052440 bytes, 
Exe size when ['--disable-largefile', '--disable-threadsafe', '--disable-readline', '--disable-load-extension', '--disable-math', '--enable-editline', '--enable-memsys3', '--enable-fts5', '--enable-json1', '--enable-update-limit', '--enable-gcov', '--with-tcl=/usr/lib64'] is: 9584504 bytes, 
Exe size when ['--disable-option-checking', '--disable-largefile', '--disable-readline', '--enable-shared=no', '--enable-fast-install', '--enable-tempstore', '--enable-editline', '--enable-all', '--enable-memsys3', '--enable-fts3', '--enable-fts4', '--enable-json1', '--enable-update-limit', '--enable-geopoly', '--enable-session', '--with-tcl=/usr/lib64'] is: 10228096 bytes, 
Exe size when ['--disable-libtool-lock', '--disable-largefile', '--disable-threadsafe', '--disable-amalgamation', '--disable-load-extension', '--enable-fast-install', '--enable-tempstore', '--enable-all', '--enable-memsys5', '--enable-fts3', '--enable-fts5', '--enable-update-limit', '--enable-session', '--with-tcl=/usr/lib64'] is: 10126200 bytes, 
Exe size when ['--disable-option-checking', '--disable-largefile', '--disable-threadsafe', '--enable-shared=no', '--enable-releasemode', '--enable-tempstore', '--enable-all', '--enable-memsys3', '--enable-fts4', '--enable-fts5', '--enable-update-limit', '--enable-gcov', '--with-pic', '--with-gnu-ld', '--with-tcl=/usr/lib64'] is: 10141672 bytes, 
Exe size when ['--disable-option-checking', '--disable-libtool-lock', '--enable-shared=no', '--enable-static', '--enable-fts4', '--enable-fts5', '--enable-geopoly', '--enable-rtree', '--enable-session', '--enable-gcov', '--with-pic', '--with-gnu-ld'] is: 10213128 bytes, 
Exe size when ['--disable-largefile', '--disable-threadsafe', '--disable-load-extension', '--disable-math', '--enable-static', '--enable-fast-install', '--enable-tempstore', '--enable-memsys3', '--enable-fts5', '--enable-json1', '--enable-geopoly', '--with-pic', '--with-tcl=/usr/lib64'] is: 9698584 bytes, 
Exe size when ['--disable-option-checking', '--disable-libtool-lock', '--disable-threadsafe', '--disable-tcl', '--disable-readline', '--disable-amalgamation', '--disable-math', '--enable-shared=no', '--enable-fast-install', '--enable-tempstore', '--enable-editline', '--enable-memsys3', '--enable-fts3', '--enable-fts4', '--enable-fts5', '--enable-json1', '--enable-geopoly', '--enable-rtree', '--enable-gcov', '--with-pic', '--with-gnu-ld'] is: 9719872 bytes, 
Exe size when ['--disable-libtool-lock', '--disable-load-extension', '--enable-shared=no', '--enable-static', '--enable-releasemode', '--enable-memsys3', '--enable-json1', '--enable-update-limit', '--enable-geopoly', '--enable-rtree', '--enable-gcov', '--with-gnu-ld', '--with-tcl=/usr/lib64'] is: 8666216 bytes, 
Exe size when ['--disable-largefile', '--disable-threadsafe', '--disable-load-extension', '--enable-static', '--enable-tempstore', '--enable-editline', '--enable-debug', '--enable-memsys3', '--enable-fts3', '--enable-fts4', '--enable-fts5', '--enable-update-limit', '--enable-geopoly', '--enable-gcov', '--with-gnu-ld', '--with-tcl=/usr/lib64'] is: 3859304 bytes, 
Exe size when ['--disable-libtool-lock', '--disable-readline', '--disable-math', '--enable-shared=no', '--enable-fast-install', '--enable-releasemode', '--enable-all', '--enable-memsys3', '--enable-memsys5', '--enable-fts3', '--enable-fts4', '--enable-session', '--enable-gcov'] is: 10196016 bytes, 
Exe size when ['--disable-option-checking', '--disable-libtool-lock', '--disable-largefile', '--disable-tcl', '--disable-amalgamation', '--disable-load-extension', '--enable-tempstore', '--enable-debug', '--enable-memsys5', '--enable-json1', '--enable-update-limit', '--enable-rtree', '--with-pic', '--with-tcl=/usr/lib64'] is: 3446048 bytes, 
Exe size when ['--disable-option-checking', '--disable-libtool-lock', '--disable-threadsafe', '--disable-tcl', '--disable-load-extension', '--enable-fast-install', '--enable-releasemode', '--enable-fts3', '--enable-fts4', '--enable-update-limit', '--enable-session', '--with-pic', '--with-gnu-ld'] is: 8866088 bytes, 
Exe size when ['--disable-option-checking', '--enable-fast-install', '--enable-editline', '--enable-all', '--enable-memsys3', '--enable-memsys5', '--enable-fts3', '--enable-update-limit', '--with-pic', '--with-gnu-ld'] is: 10240840 bytes, 
Exe size when ['--disable-threadsafe', '--disable-readline', '--disable-amalgamation', '--disable-load-extension', '--disable-math', '--enable-shared=no', '--enable-static', '--enable-fast-install', '--enable-releasemode', '--enable-editline', '--enable-all', '--enable-memsys3', '--enable-memsys5', '--enable-fts3', '--enable-fts4', '--enable-fts5', '--enable-rtree', '--enable-gcov', '--with-gnu-ld'] is: 10073536 bytes, 
Exe size when ['--disable-libtool-lock', '--disable-largefile', '--disable-threadsafe', '--disable-readline', '--disable-load-extension', '--enable-shared=no', '--enable-fast-install', '--enable-tempstore', '--enable-debug', '--enable-memsys5', '--enable-update-limit', '--enable-geopoly', '--enable-session', '--with-pic', '--with-tcl=/usr/lib64'] is: 3552200 bytes, 
Exe size when ['--disable-option-checking', '--disable-largefile', '--disable-readline', '--disable-load-extension', '--disable-math', '--enable-shared=no', '--enable-fast-install', '--enable-tempstore', '--enable-debug', '--enable-all', '--enable-fts4', '--enable-json1', '--enable-rtree', '--enable-session', '--enable-gcov', '--with-gnu-ld'] is: 4033272 bytes, 
Exe size when ['--disable-option-checking', '--disable-libtool-lock', '--disable-threadsafe', '--disable-tcl', '--disable-load-extension', '--enable-shared=no', '--enable-tempstore', '--enable-editline', '--enable-memsys5', '--enable-fts3', '--enable-fts4', '--enable-update-limit', '--enable-rtree', '--enable-session'] is: 8878384 bytes, 
Exe size when ['--disable-readline', '--disable-amalgamation', '--disable-load-extension', '--disable-math', '--enable-releasemode', '--enable-tempstore', '--enable-debug', '--enable-all', '--enable-memsys5', '--enable-fts5', '--enable-geopoly', '--enable-session', '--with-gnu-ld', '--with-tcl=/usr/lib64'] is: 4041984 bytes, 
Exe size when ['--disable-largefile', '--disable-threadsafe', '--disable-readline', '--disable-load-extension', '--disable-math', '--enable-releasemode', '--enable-tempstore', '--enable-all', '--enable-fts4', '--enable-json1', '--enable-geopoly', '--enable-session', '--enable-gcov', '--with-gnu-ld', '--with-tcl=/usr/lib64'] is: 10060896 bytes, 
Exe size when ['--disable-libtool-lock', '--disable-readline', '--disable-load-extension', '--enable-shared=no', '--enable-static', '--enable-fast-install', '--enable-releasemode', '--enable-tempstore', '--enable-debug', '--enable-all', '--enable-memsys3', '--enable-memsys5', '--enable-fts4', '--enable-json1', '--enable-update-limit', '--enable-session', '--with-pic', '--with-gnu-ld'] is: 4052440 bytes, 
Exe size when ['--disable-option-checking', '--disable-libtool-lock', '--disable-largefile', '--disable-readline', '--disable-math', '--enable-shared=no', '--enable-tempstore', '--enable-all', '--enable-memsys3', '--enable-memsys5', '--enable-json1', '--enable-geopoly', '--enable-rtree', '--enable-session', '--with-pic', '--with-tcl=/usr/lib64'] is: 10196032 bytes, 
Exe size when ['--disable-option-checking', '--disable-tcl', '--enable-shared=no', '--enable-static', '--enable-fast-install', '--enable-releasemode', '--enable-tempstore', '--enable-editline', '--enable-memsys3', '--enable-memsys5', '--enable-fts3', '--enable-geopoly', '--with-gnu-ld', '--with-tcl=/usr/lib64'] is: 8696048 bytes, 
Exe size when ['--disable-option-checking', '--disable-libtool-lock', '--disable-tcl', '--disable-readline', '--disable-load-extension', '--disable-math', '--enable-static', '--enable-fast-install', '--enable-editline', '--enable-memsys3', '--enable-memsys5', '--enable-fts5', '--enable-json1', '--enable-update-limit', '--enable-geopoly', '--enable-session', '--with-gnu-ld'] is: 10176848 bytes, 
Exe size when ['--disable-threadsafe', '--disable-readline', '--disable-load-extension', '--disable-math', '--enable-releasemode', '--enable-editline', '--enable-memsys5', '--enable-fts3', '--enable-fts4', '--enable-update-limit', '--enable-geopoly', '--enable-session', '--with-tcl=/usr/lib64'] is: 8963552 bytes, 
Exe size when ['--disable-libtool-lock', '--disable-tcl', '--disable-readline', '--disable-amalgamation', '--enable-static', '--enable-releasemode', '--enable-editline', '--enable-debug', '--enable-update-limit', '--enable-geopoly', '--enable-rtree', '--enable-gcov'] is: 3478224 bytes, 
Exe size when ['--disable-option-checking', '--disable-libtool-lock', '--disable-largefile', '--disable-tcl', '--disable-readline', '--enable-shared=no', '--enable-static', '--enable-editline', '--enable-memsys5', '--enable-fts3', '--enable-fts4', '--enable-fts5', '--enable-json1', '--enable-update-limit', '--enable-rtree', '--enable-gcov', '--with-gnu-ld'] is: 9705000 bytes, 
Exe size when ['--disable-option-checking', '--disable-readline', '--disable-amalgamation', '--disable-math', '--enable-tempstore', '--enable-editline', '--enable-debug', '--enable-memsys5', '--enable-fts5', '--enable-update-limit', '--enable-geopoly', '--enable-gcov', '--with-gnu-ld', '--with-tcl=/usr/lib64'] is: 3925472 bytes, 
Exe size when ['--disable-tcl', '--disable-readline', '--disable-amalgamation', '--disable-load-extension', '--disable-math', '--enable-fast-install', '--enable-releasemode', '--enable-tempstore', '--enable-editline', '--enable-debug', '--enable-all', '--enable-memsys3', '--enable-fts3', '--enable-fts4', '--enable-fts5', '--enable-update-limit', '--enable-geopoly', '--enable-rtree'] is: 4034120 bytes, 
Exe size when ['--disable-option-checking', '--disable-libtool-lock', '--disable-largefile', '--disable-threadsafe', '--disable-amalgamation', '--enable-shared=no', '--enable-static', '--enable-releasemode', '--enable-tempstore', '--enable-editline', '--enable-debug', '--enable-memsys3', '--enable-fts4', '--enable-rtree', '--enable-session', '--with-pic'] is: 3509712 bytes, 
Exe size when ['--disable-tcl', '--disable-readline', '--enable-releasemode', '--enable-editline', '--enable-debug', '--enable-memsys3', '--enable-memsys5', '--enable-fts4', '--enable-fts5', '--enable-json1', '--enable-rtree', '--enable-session'] is: 4025608 bytes, 
Exe size when ['--disable-libtool-lock', '--disable-largefile', '--disable-threadsafe', '--disable-amalgamation', '--enable-fast-install', '--enable-releasemode', '--enable-debug', '--enable-all', '--enable-memsys5', '--enable-update-limit', '--enable-rtree', '--enable-session', '--with-gnu-ld', '--with-tcl=/usr/lib64'] is: 4005560 bytes, 
Exe size when ['--disable-option-checking', '--disable-libtool-lock', '--disable-largefile', '--disable-amalgamation', '--disable-load-extension', '--enable-shared=no', '--enable-fast-install', '--enable-releasemode', '--enable-debug', '--enable-geopoly', '--enable-rtree', '--enable-session', '--enable-gcov', '--with-tcl=/usr/lib64'] is: 3600280 bytes, 
Exe size when ['--disable-option-checking', '--disable-libtool-lock', '--disable-tcl', '--enable-fast-install', '--enable-tempstore', '--enable-editline', '--enable-all', '--enable-fts3', '--enable-fts4', '--enable-fts5', '--enable-geopoly', '--enable-gcov', '--with-pic', '--with-gnu-ld', '--with-tcl=/usr/lib64'] is: 10213272 bytes, 
Exe size when ['--disable-option-checking', '--disable-largefile', '--disable-amalgamation', '--enable-static', '--enable-releasemode', '--enable-editline', '--enable-debug', '--enable-memsys5', '--enable-fts3', '--enable-fts5', '--enable-json1', '--enable-update-limit', '--enable-geopoly', '--enable-session', '--with-pic', '--with-gnu-ld'] is: 4061912 bytes, 
Exe size when ['--disable-libtool-lock', '--disable-largefile', '--disable-threadsafe', '--disable-amalgamation', '--disable-math', '--enable-fast-install', '--enable-releasemode', '--enable-debug', '--enable-memsys3', '--enable-fts4', '--enable-json1', '--enable-update-limit', '--enable-rtree', '--with-pic', '--with-gnu-ld'] is: 3379568 bytes, 
Exe size when ['--disable-largefile', '--disable-amalgamation', '--disable-load-extension', '--enable-releasemode', '--enable-tempstore', '--enable-debug', '--enable-all', '--enable-memsys3', '--enable-fts4', '--enable-json1', '--enable-geopoly', '--enable-session', '--with-pic', '--with-gnu-ld', '--with-tcl=/usr/lib64'] is: 4040152 bytes, 
Exe size when ['--disable-libtool-lock', '--disable-tcl', '--enable-shared=no', '--enable-static', '--enable-fast-install', '--enable-tempstore', '--enable-memsys5', '--enable-fts3', '--enable-fts5', '--enable-update-limit', '--enable-gcov'] is: 9712528 bytes, 
Exe size when ['--disable-option-checking', '--disable-libtool-lock', '--disable-math', '--enable-fast-install', '--enable-editline', '--enable-memsys3', '--enable-memsys5', '--enable-fts3', '--enable-fts4', '--enable-update-limit', '--with-pic', '--with-tcl=/usr/lib64'] is: 8564776 bytes, 
Exe size when ['--disable-threadsafe', '--disable-tcl', '--disable-readline', '--disable-amalgamation', '--disable-load-extension', '--disable-math', '--enable-static', '--enable-fast-install', '--enable-releasemode', '--enable-tempstore', '--enable-editline', '--enable-debug', '--enable-fts5', '--enable-update-limit', '--enable-rtree', '--enable-session', '--with-gnu-ld', '--with-tcl=/usr/lib64'] is: 3935600 bytes, 
Exe size when ['--disable-option-checking', '--disable-libtool-lock', '--disable-threadsafe', '--disable-tcl', '--disable-readline', '--disable-load-extension', '--disable-math', '--enable-releasemode', '--enable-debug', '--enable-memsys3', '--enable-fts3', '--enable-fts4', '--enable-update-limit', '--enable-session'] is: 3491488 bytes, 
Exe size when ['--disable-option-checking', '--disable-threadsafe', '--disable-tcl', '--enable-releasemode', '--enable-tempstore', '--enable-editline', '--enable-memsys3', '--enable-memsys5', '--enable-fts4', '--enable-fts5', '--enable-update-limit', '--enable-gcov', '--with-pic', '--with-gnu-ld'] is: 9661576 bytes, 
Exe size when ['--disable-threadsafe', '--disable-load-extension', '--enable-shared=no', '--enable-fast-install', '--enable-editline', '--enable-memsys3', '--enable-memsys5', '--enable-fts4', '--enable-json1', '--enable-geopoly', '--with-pic'] is: 8611888 bytes, 
Exe size when ['--disable-option-checking', '--disable-largefile', '--enable-shared=no', '--enable-static', '--enable-editline', '--enable-memsys5', '--enable-fts3', '--enable-fts5', '--enable-geopoly', '--enable-session', '--enable-gcov', '--with-gnu-ld'] is: 10227232 bytes, 
Exe size when ['--disable-threadsafe', '--disable-tcl', '--disable-readline', '--disable-amalgamation', '--disable-load-extension', '--disable-math', '--enable-shared=no', '--enable-fast-install', '--enable-releasemode', '--enable-tempstore', '--enable-debug', '--enable-memsys3', '--enable-memsys5', '--enable-update-limit', '--enable-geopoly', '--with-pic', '--with-gnu-ld', '--with-tcl=/usr/lib64'] is: 3408824 bytes, 
Exe size when ['--disable-libtool-lock', '--disable-largefile', '--disable-tcl', '--disable-readline', '--enable-releasemode', '--enable-editline', '--enable-debug', '--enable-memsys3', '--enable-memsys5', '--enable-fts4', '--enable-update-limit', '--enable-geopoly', '--enable-session', '--with-gnu-ld'] is: 3620672 bytes, 
Exe size when ['--disable-option-checking', '--disable-libtool-lock', '--disable-largefile', '--disable-load-extension', '--disable-math', '--enable-shared=no', '--enable-static', '--enable-fast-install', '--enable-releasemode', '--enable-editline', '--enable-all', '--enable-fts4', '--enable-update-limit', '--enable-rtree', '--enable-gcov', '--with-pic', '--with-gnu-ld', '--with-tcl=/usr/lib64'] is: 10165352 bytes, 
Exe size when ['--disable-threadsafe', '--disable-load-extension', '--enable-debug', '--enable-all', '--enable-fts3', '--enable-session', '--enable-gcov'] is: 3983904 bytes, 
Exe size when ['--disable-largefile', '--disable-threadsafe', '--disable-math', '--enable-shared=no', '--enable-tempstore', '--enable-editline', '--enable-debug', '--enable-all', '--enable-memsys3', '--enable-fts3', '--enable-json1', '--enable-geopoly', '--enable-rtree', '--enable-gcov', '--with-pic', '--with-gnu-ld', '--with-tcl=/usr/lib64'] is: 3982384 bytes, 
Exe size when ['--disable-libtool-lock', '--disable-largefile', '--disable-threadsafe', '--disable-readline', '--disable-load-extension', '--disable-math', '--enable-tempstore', '--enable-editline', '--enable-debug', '--enable-all', '--enable-memsys5', '--enable-fts4', '--enable-geopoly', '--enable-session', '--enable-gcov', '--with-gnu-ld'] is: 3977520 bytes, 
Exe size when ['--disable-largefile', '--disable-readline', '--disable-math', '--enable-shared=no', '--enable-fast-install', '--enable-all', '--enable-memsys3', '--enable-fts4', '--enable-json1', '--enable-update-limit', '--enable-geopoly', '--enable-session', '--enable-gcov', '--with-tcl=/usr/lib64'] is: 10199328 bytes, 
Exe size when ['--disable-libtool-lock', '--disable-largefile', '--disable-readline', '--disable-amalgamation', '--disable-load-extension', '--disable-math', '--enable-shared=no', '--enable-tempstore', '--enable-editline', '--enable-all', '--enable-json1', '--enable-update-limit', '--with-pic'] is: 10162608 bytes, 
Exe size when ['--disable-largefile', '--disable-amalgamation', '--enable-static', '--enable-tempstore', '--enable-editline', '--enable-all', '--enable-memsys3', '--enable-fts3', '--enable-json1', '--enable-geopoly', '--with-pic'] is: 10213272 bytes, 
Exe size when ['--disable-libtool-lock', '--disable-largefile', '--disable-threadsafe', '--disable-tcl', '--enable-releasemode', '--enable-editline', '--enable-all', '--enable-memsys5', '--enable-fts4', '--enable-update-limit', '--enable-geopoly', '--enable-session', '--enable-gcov', '--with-pic', '--with-gnu-ld', '--with-tcl=/usr/lib64'] is: 10153912 bytes, 
Exe size when ['--disable-libtool-lock', '--disable-largefile', '--disable-readline', '--disable-load-extension', '--enable-fast-install', '--enable-tempstore', '--enable-debug', '--enable-memsys5', '--enable-fts3', '--enable-json1', '--enable-update-limit', '--enable-session', '--enable-gcov'] is: 3570248 bytes, 
Exe size when ['--disable-threadsafe', '--disable-tcl', '--disable-readline', '--disable-math', '--enable-shared=no', '--enable-editline', '--enable-debug', '--enable-memsys3', '--enable-memsys5', '--enable-fts3', '--enable-fts5', '--enable-json1', '--enable-geopoly', '--enable-rtree', '--enable-gcov', '--with-pic', '--with-gnu-ld'] is: 3864256 bytes, 
Exe size when ['--disable-threadsafe', '--disable-readline', '--disable-amalgamation', '--disable-load-extension', '--disable-math', '--enable-editline', '--enable-debug', '--enable-memsys5', '--enable-fts3', '--enable-fts4', '--enable-fts5', '--enable-update-limit', '--with-pic', '--with-gnu-ld'] is: 3814760 bytes, 
Exe size when ['--disable-threadsafe', '--disable-amalgamation', '--disable-math', '--enable-fast-install', '--enable-tempstore', '--enable-editline', '--enable-debug', '--enable-all', '--enable-memsys3', '--enable-memsys5', '--enable-fts3', '--enable-fts4', '--enable-json1', '--enable-update-limit', '--enable-gcov'] is: 3996016 bytes, 
Exe size when ['--disable-largefile', '--disable-tcl', '--disable-amalgamation', '--disable-math', '--enable-shared=no', '--enable-static', '--enable-fast-install', '--enable-releasemode', '--enable-tempstore', '--enable-editline', '--enable-all', '--enable-fts4', '--enable-geopoly', '--enable-rtree', '--enable-session', '--enable-gcov', '--with-pic', '--with-gnu-ld'] is: 10188496 bytes, 
Exe size when ['--disable-largefile', '--disable-amalgamation', '--disable-math', '--enable-static', '--enable-fast-install', '--enable-tempstore', '--enable-all', '--enable-memsys3', '--enable-memsys5', '--enable-fts5', '--enable-json1', '--enable-geopoly', '--enable-rtree', '--with-gnu-ld', '--with-tcl=/usr/lib64'] is: 10198496 bytes, 
Exe size when ['--disable-option-checking', '--disable-libtool-lock', '--disable-largefile', '--disable-tcl', '--disable-amalgamation', '--disable-load-extension', '--disable-math', '--enable-shared=no', '--enable-static', '--enable-fast-install', '--enable-tempstore', '--enable-editline', '--enable-debug', '--enable-all', '--enable-fts4', '--enable-update-limit', '--enable-rtree', '--enable-gcov', '--with-tcl=/usr/lib64'] is: 4035528 bytes, 
Exe size when ['--disable-largefile', '--disable-threadsafe', '--disable-amalgamation', '--enable-shared=no', '--enable-static', '--enable-releasemode', '--enable-tempstore', '--enable-editline', '--enable-memsys3', '--enable-fts3', '--enable-fts4', '--enable-json1', '--enable-geopoly', '--enable-rtree', '--enable-session'] is: 9007144 bytes, 
Exe size when ['--disable-largefile', '--disable-tcl', '--disable-load-extension', '--enable-static', '--enable-fast-install', '--enable-releasemode', '--enable-memsys3', '--enable-memsys5', '--enable-fts3', '--enable-fts4', '--enable-update-limit', '--enable-geopoly', '--enable-rtree', '--enable-session', '--enable-gcov', '--with-gnu-ld'] is: 9092032 bytes, 
Exe size when ['--disable-option-checking', '--disable-libtool-lock', '--disable-largefile', '--disable-threadsafe', '--disable-load-extension', '--enable-shared=no', '--enable-releasemode', '--enable-debug', '--enable-memsys3', '--enable-fts3', '--enable-fts5', '--enable-json1', '--enable-update-limit', '--enable-geopoly', '--enable-rtree', '--enable-gcov', '--with-pic'] is: 3859304 bytes, 
